Timestamp,Fat(%),Protein(%),Moisture(%),Salt(%),Ash(%),pH,Titratable_Acidity(%),Dry_Matter(%),WSN(%),Ripening_Index,Hardness(gf),Adhesiveness(mJ),Cohesiveness,Springiness(mm),Gumminess(gf),Chewiness(mJ),Anomaly_Status
2020-01-01,25.62,24.08,34.63,1.54,0.76,6.46,1.21,48.6,0.94,19.98,514.91,0.283,0.654,0.441,127.16,18.57,Anomaly
2020-01-02,34.26,21.97,43.55,1.46,0.75,6.33,1.32,64.08,1.25,17.84,578.75,0.073,0.321,0.356,230.74,25.82,Anomaly
2020-01-03,30.98,19.02,51.82,0.55,1.41,5.95,0.83,69.92,1.19,12.2,883.64,0.155,0.811,0.632,681.87,8.13,Anomaly
2020-01-04,28.98,25.58,48.31,1.18,0.75,6.71,1.16,40.9,0.4,5.16,472.0,0.271,0.629,0.307,636.74,8.24,Anomaly
2020-01-05,22.34,23.9,50.16,1.26,0.77,5.2,1.11,66.92,0.39,17.41,895.72,0.19,0.31,0.359,345.45,18.92,Anomaly
2020-01-06,22.34,17.11,46.47,1.3,1.26,5.02,1.35,58.68,0.55,12.14,270.51,0.132,0.874,0.865,363.77,28.66,Anomaly
2020-01-07,20.87,26.84,47.31,1.66,0.95,6.51,1.42,69.2,0.67,23.37,821.44,0.277,0.563,0.84,473.49,15.37,Anomaly
2020-01-08,32.99,25.69,51.23,1.57,1.28,5.68,0.61,53.95,0.73,5.6,878.04,0.195,0.251,0.941,100.17,13.17,Anomaly
2020-01-09,29.02,27.35,36.24,1.72,0.57,6.49,1.21,65.42,1.08,19.62,345.45,0.166,0.639,0.898,268.87,20.17,Anomaly
2020-01-10,30.62,24.43,42.24,2.03,0.99,6.59,0.65,41.87,0.27,28.54,544.28,0.259,0.377,0.778,245.76,28.26,Anomaly
2020-01-11,20.31,22.97,35.53,2.13,0.53,4.92,1.09,50.06,0.25,9.36,332.4,0.11,0.763,0.337,275.34,25.92,Anomaly
2020-01-12,34.55,20.44,54.69,1.94,0.56,6.57,0.86,42.01,0.71,16.79,765.28,0.467,0.772,0.848,664.13,29.89,Anomaly
2020-01-13,32.49,27.13,53.6,2.41,1.41,5.7,0.88,69.26,1.11,7.29,628.28,0.44,0.885,0.892,295.77,5.56,Anomaly
2020-01-14,23.19,26.26,30.99,0.54,0.64,5.82,0.92,64.51,0.45,20.64,708.26,0.368,0.551,0.859,234.06,7.82,Anomaly
2020-01-15,22.73,15.59,47.64,0.89,1.03,6.05,1.16,65.58,1.03,18.76,357.19,0.098,0.518,0.656,452.98,20.24,Anomaly
2020-01-16,22.75,15.34,53.13,0.52,0.91,6.65,0.9,68.14,0.54,15.18,369.4,0.399,0.727,0.463,705.95,25.51,Anomaly
2020-01-17,24.56,19.89,34.51,1.79,0.85,4.84,1.26,42.55,1.35,18.03,233.2,0.414,0.293,0.892,268.94,12.13,Anomaly
2020-01-18,27.87,25.54,44.2,2.3,1.4,5.75,0.96,51.57,1.36,27.41,457.65,0.395,0.583,0.809,154.98,10.98,Anomaly
2020-01-19,26.48,27.83,52.89,0.99,0.52,6.18,0.66,42.13,0.59,9.91,647.8,0.101,0.582,0.987,349.48,24.67,Anomaly
2020-01-20,24.37,16.96,30.85,2.35,1.16,6.25,1.31,46.32,0.5,5.56,886.35,0.34,0.263,0.409,623.36,6.41,Anomaly
2020-01-21,29.18,22.72,47.44,0.62,1.46,6.19,0.86,46.88,0.73,26.54,733.54,0.425,0.493,0.458,485.48,14.23,Normal
2020-01-22,22.09,19.95,37.43,2.37,1.06,5.07,0.99,54.07,0.51,19.43,548.32,0.31,0.797,0.448,671.76,17.65,Anomaly
2020-01-23,24.38,27.61,53.11,1.2,1.44,5.4,1.22,48.06,1.07,27.27,962.5,0.341,0.799,0.855,771.71,19.01,Anomaly
2020-01-24,25.5,25.95,54.28,0.7,0.55,5.52,0.9,43.03,1.27,19.92,775.4,0.256,0.269,0.431,654.86,23.22,Anomaly
2020-01-25,26.84,25.9,53.61,1.47,0.92,6.41,0.65,45.02,1.08,25.25,944.13,0.288,0.264,0.347,522.66,13.87,Anomaly
2020-01-26,31.78,21.09,41.86,1.01,0.76,5.36,0.94,44.42,1.27,15.74,622.07,0.065,0.384,0.999,445.34,20.32,Normal
2020-01-27,23.0,20.39,51.55,1.07,1.23,5.22,1.45,69.19,0.72,23.75,407.12,0.338,0.812,0.317,128.05,19.63,Anomaly
2020-01-28,27.71,18.55,51.11,1.11,1.48,6.71,1.18,62.78,0.4,27.83,242.26,0.087,0.29,0.885,789.03,18.69,Anomaly
2020-01-29,28.89,15.73,37.98,2.11,0.76,4.82,1.2,69.03,1.16,19.3,780.87,0.246,0.704,0.556,368.44,21.01,Anomaly
2020-01-30,20.7,26.24,50.72,1.58,1.15,6.8,1.17,53.19,0.67,9.52,297.04,0.182,0.271,0.889,206.56,11.49,Anomaly
2020-01-31,29.11,25.57,30.93,1.12,0.7,6.15,0.78,48.35,1.07,11.72,442.22,0.295,0.636,0.688,566.7,7.12,Anomaly
2020-02-01,22.56,28.0,44.91,1.72,1.07,6.46,0.98,63.95,0.55,9.97,625.98,0.11,0.449,0.931,299.0,7.98,Anomaly
2020-02-02,20.98,27.96,35.75,1.93,0.96,5.39,1.28,49.79,0.31,11.17,651.53,0.361,0.752,0.948,510.04,10.61,Anomaly
2020-02-03,34.23,22.22,33.01,1.05,1.47,4.83,0.69,48.98,1.49,12.66,680.47,0.408,0.364,0.306,510.74,17.5,Anomaly
2020-02-04,34.48,25.0,31.92,1.33,1.11,6.28,0.85,46.98,0.4,18.88,333.0,0.124,0.647,0.353,412.01,26.01,Anomaly
2020-02-05,32.13,27.28,47.41,0.74,0.85,6.47,0.85,43.89,1.48,19.7,503.79,0.097,0.365,0.475,685.28,22.53,Anomaly
2020-02-06,24.57,26.05,38.5,0.86,0.61,6.28,0.99,47.69,1.47,15.66,693.76,0.115,0.7,0.769,285.48,24.73,Anomaly
2020-02-07,21.47,18.22,48.12,1.86,0.65,5.09,1.48,50.66,1.23,20.39,975.86,0.445,0.812,0.922,414.04,13.77,Anomaly
2020-02-08,30.26,20.86,31.63,0.86,0.73,6.31,0.66,60.22,1.06,7.04,782.1,0.288,0.289,0.622,476.38,15.12,Anomaly
2020-02-09,26.6,16.68,37.88,1.55,0.75,6.34,1.07,41.88,0.95,7.19,938.08,0.26,0.807,0.725,564.54,14.84,Anomaly
2020-02-10,21.83,27.4,43.49,1.92,1.35,6.12,0.76,46.32,1.33,9.3,809.77,0.098,0.616,0.432,648.78,9.8,Anomaly
2020-02-11,27.43,22.88,49.77,0.71,1.06,6.33,1.47,64.27,0.58,17.95,673.37,0.342,0.289,0.863,376.37,6.53,Normal
2020-02-12,20.52,17.97,37.97,1.63,1.02,6.49,0.7,44.41,0.81,10.35,353.62,0.441,0.499,0.977,552.23,19.77,Anomaly
2020-02-13,33.64,23.73,45.65,1.01,0.61,6.03,0.96,50.28,1.01,12.08,733.35,0.423,0.313,0.488,205.43,29.73,Anomaly
2020-02-14,23.88,23.04,52.15,2.43,1.36,4.98,1.26,65.94,0.73,15.01,698.7,0.332,0.69,0.646,752.85,9.17,Anomaly
2020-02-15,29.94,19.66,45.4,1.47,1.22,5.78,1.23,44.65,0.76,25.3,681.98,0.084,0.731,0.36,368.14,6.17,Normal
2020-02-16,24.68,16.48,35.82,2.11,0.57,4.96,0.98,42.48,0.63,5.35,591.83,0.101,0.274,0.691,610.66,24.49,Anomaly
2020-02-17,27.8,23.73,30.61,1.6,1.21,5.62,0.91,54.54,0.93,21.23,622.93,0.072,0.554,0.652,114.24,11.31,Anomaly
2020-02-18,28.2,21.76,51.75,0.59,1.04,5.61,0.96,49.07,1.31,21.72,467.55,0.166,0.77,0.401,243.63,25.74,Anomaly
2020-02-19,22.77,25.04,30.53,1.77,0.58,4.93,0.84,56.9,0.46,24.97,615.45,0.111,0.855,0.609,440.96,22.6,Anomaly
2020-02-20,34.54,21.76,51.87,2.4,0.96,5.5,0.78,64.11,1.41,28.32,358.04,0.167,0.559,0.534,714.78,28.64,Anomaly
2020-02-21,31.63,26.08,43.22,1.7,0.98,5.02,1.03,44.11,1.1,5.5,844.14,0.223,0.865,0.665,469.08,15.22,Anomaly
2020-02-22,34.09,22.17,53.48,2.14,0.67,6.42,0.84,57.42,1.27,8.84,348.62,0.474,0.575,0.71,750.91,21.55,Anomaly
2020-02-23,33.42,22.29,49.97,2.27,1.45,6.7,0.86,55.17,0.92,27.15,267.97,0.325,0.476,0.306,438.66,16.62,Anomaly
2020-02-24,28.97,26.4,54.95,0.96,1.35,4.94,1.19,44.32,1.21,16.46,549.0,0.426,0.794,0.833,443.31,20.76,Anomaly
2020-02-25,33.83,20.25,38.77,0.92,1.17,6.71,1.47,58.72,0.22,19.11,726.65,0.37,0.545,0.799,183.82,16.24,Anomaly
2020-02-26,21.33,16.74,49.18,1.72,0.96,5.85,1.14,48.21,1.26,21.58,550.17,0.101,0.53,0.556,661.86,9.72,Anomaly
2020-02-27,22.94,15.37,40.05,1.32,0.91,5.4,0.67,54.64,0.25,21.98,421.4,0.381,0.543,0.337,272.88,17.7,Anomaly
2020-02-28,20.68,24.82,42.0,2.18,1.15,4.95,0.67,42.47,1.36,28.29,646.54,0.174,0.793,0.828,729.73,18.21,Anomaly
2020-02-29,24.88,23.06,45.69,2.3,1.05,5.8,1.46,53.79,1.49,29.92,477.6,0.338,0.782,0.969,737.58,25.27,Normal
2020-03-01,25.83,24.15,51.84,1.21,0.56,6.39,0.87,49.19,0.58,23.0,946.29,0.203,0.482,0.468,760.32,23.39,Anomaly
2020-03-02,24.07,17.77,54.6,0.97,1.01,6.21,0.68,64.67,0.47,12.18,938.12,0.499,0.433,0.526,464.16,21.59,Anomaly
2020-03-03,32.43,16.77,49.21,2.06,1.31,4.9,1.14,41.71,1.19,26.99,601.9,0.169,0.544,0.429,573.97,7.83,Anomaly
2020-03-04,25.35,15.19,40.44,1.05,0.96,4.95,1.16,52.56,0.53,6.23,462.31,0.176,0.601,0.704,644.96,23.02,Anomaly
2020-03-05,24.21,19.56,40.53,2.15,0.55,5.61,1.18,53.75,1.33,10.78,789.71,0.469,0.367,0.408,191.71,17.51,Normal
2020-03-06,28.14,22.67,48.44,1.35,1.29,5.39,0.84,61.75,0.33,27.43,229.37,0.061,0.756,0.549,520.67,27.35,Normal
2020-03-07,22.11,20.1,35.97,1.84,0.7,5.26,0.61,57.23,0.36,11.4,579.82,0.364,0.541,0.788,124.01,28.0,Anomaly
2020-03-08,32.03,20.69,32.76,0.69,0.76,5.36,1.47,60.02,1.47,10.52,469.06,0.376,0.434,0.692,448.3,6.38,Anomaly
2020-03-09,21.12,26.75,38.87,1.75,0.66,6.41,0.83,63.31,1.08,8.45,936.43,0.426,0.275,0.571,208.39,25.52,Anomaly
2020-03-10,34.8,19.53,37.18,1.4,0.83,6.66,1.21,65.87,1.3,26.48,209.6,0.488,0.367,0.594,228.05,5.94,Anomaly
2020-03-11,31.58,21.68,37.41,1.67,1.26,5.61,1.24,49.42,0.62,17.5,642.25,0.489,0.864,0.693,355.53,14.18,Normal
2020-03-12,22.98,25.19,35.84,0.84,1.02,6.61,1.15,56.14,1.08,21.87,792.53,0.079,0.414,0.304,402.71,18.56,Anomaly
2020-03-13,20.08,20.16,31.05,1.97,0.7,5.44,0.88,65.2,0.97,10.98,588.01,0.42,0.318,0.355,536.22,8.7,Anomaly
2020-03-14,32.23,23.09,30.45,2.23,1.38,5.75,0.84,69.68,0.98,23.95,268.32,0.341,0.522,0.917,152.1,23.66,Anomaly
2020-03-15,30.6,26.21,54.69,0.93,1.38,5.25,1.14,66.69,1.09,24.0,977.97,0.341,0.415,0.355,452.58,5.21,Anomaly
2020-03-16,30.94,27.34,40.69,0.69,1.37,6.08,1.38,51.14,0.95,12.81,614.41,0.108,0.225,0.795,227.84,9.21,Anomaly
2020-03-17,31.57,16.91,39.61,0.55,0.74,6.76,1.45,45.85,0.76,15.27,691.35,0.343,0.426,0.944,501.78,19.52,Anomaly
2020-03-18,21.11,27.05,46.99,1.78,0.95,6.01,0.7,54.68,0.56,10.24,389.29,0.492,0.581,0.489,546.18,22.86,Anomaly
2020-03-19,25.38,21.4,35.46,1.71,1.48,5.52,0.74,62.25,1.2,29.41,586.8,0.46,0.586,0.559,489.7,27.92,Anomaly
2020-03-20,21.74,18.36,53.75,1.59,1.27,6.1,1.45,54.78,0.49,21.14,543.32,0.248,0.45,0.698,616.81,22.64,Anomaly
2020-03-21,32.95,20.97,49.66,0.96,0.53,5.05,1.26,54.5,1.1,28.36,259.92,0.068,0.513,0.917,334.93,21.79,Anomaly
2020-03-22,29.35,27.74,32.24,1.28,0.57,6.58,1.39,65.15,0.5,12.58,284.93,0.213,0.876,0.959,635.57,14.86,Anomaly
2020-03-23,24.96,21.4,40.44,1.69,0.96,5.81,0.78,50.84,1.01,24.55,869.98,0.422,0.464,0.818,402.94,5.03,Normal
2020-03-24,20.95,19.27,51.98,1.49,1.41,5.7,1.13,65.79,1.17,24.15,391.86,0.366,0.381,0.361,438.93,8.0,Anomaly
2020-03-25,24.66,23.23,53.62,2.48,1.04,5.97,1.23,52.2,0.48,22.29,355.97,0.257,0.37,0.768,553.67,18.36,Anomaly
2020-03-26,24.88,18.12,41.69,0.77,1.0,6.05,1.21,49.85,0.28,29.14,603.93,0.075,0.52,0.587,112.85,21.88,Normal
2020-03-27,30.94,15.99,45.34,1.89,0.61,4.94,0.97,53.62,0.37,14.84,815.0,0.242,0.732,0.629,557.8,15.44,Anomaly
2020-03-28,29.56,16.68,34.18,1.31,1.16,6.17,0.61,62.87,0.99,8.27,249.56,0.261,0.344,0.334,533.01,23.27,Anomaly
2020-03-29,33.31,16.66,54.78,1.36,1.32,5.28,1.12,43.78,1.3,21.79,661.45,0.468,0.697,0.434,316.89,18.05,Anomaly
2020-03-30,27.08,16.97,35.79,1.94,0.88,6.23,0.83,45.89,0.26,23.23,295.37,0.338,0.215,0.853,160.06,6.85,Anomaly
2020-03-31,21.79,16.8,53.57,1.88,1.28,6.45,1.01,68.54,1.15,19.38,229.17,0.19,0.493,0.618,163.65,9.8,Anomaly
2020-04-01,30.7,23.33,46.24,2.48,1.46,6.41,1.46,45.26,0.64,10.17,242.2,0.286,0.743,0.511,746.26,26.0,Anomaly
2020-04-02,31.41,17.36,45.19,0.76,0.7,5.91,0.96,57.03,0.82,17.61,867.33,0.08,0.437,0.569,582.5,23.12,Anomaly
2020-04-03,28.42,19.49,42.82,0.71,1.02,5.84,1.36,57.38,1.41,12.8,294.38,0.488,0.595,0.898,188.97,27.37,Normal
2020-04-04,31.56,26.66,35.77,1.95,0.79,5.09,0.77,54.69,0.63,15.69,236.12,0.212,0.343,0.824,349.71,7.94,Anomaly
2020-04-05,27.41,21.16,34.41,1.66,1.29,6.35,1.21,59.34,0.8,21.13,550.32,0.265,0.719,0.491,514.74,29.76,Anomaly
2020-04-06,27.84,23.68,35.51,1.05,1.08,5.34,1.48,46.89,0.22,23.63,875.19,0.21,0.237,0.382,684.9,10.24,Normal
2020-04-07,26.41,17.24,34.66,0.66,1.13,5.79,0.69,56.58,0.31,10.81,409.93,0.357,0.797,0.476,130.56,5.29,Anomaly
2020-04-08,20.38,17.5,49.49,0.67,1.3,5.37,0.61,51.17,0.54,15.13,537.37,0.348,0.339,0.945,265.64,29.94,Anomaly
2020-04-09,21.62,15.53,38.75,2.29,0.9,5.07,0.99,59.85,0.24,11.73,231.94,0.372,0.812,0.707,722.82,12.03,Anomaly
2020-04-10,20.47,17.2,31.45,0.88,1.42,6.06,0.68,44.24,1.02,9.97,559.26,0.171,0.447,0.673,106.42,21.7,Anomaly
2020-04-11,29.55,18.62,54.23,1.15,1.03,4.91,1.27,57.13,0.75,24.58,662.09,0.192,0.706,0.717,240.98,9.42,Anomaly
2020-04-12,24.72,17.3,52.09,0.95,0.66,6.3,1.42,45.56,0.91,27.73,656.73,0.106,0.423,0.556,771.32,19.51,Anomaly
2020-04-13,27.63,16.15,53.19,1.21,1.2,5.44,0.99,48.36,0.43,14.26,465.94,0.345,0.834,0.865,529.38,27.6,Anomaly
2020-04-14,33.61,16.57,54.87,0.64,1.29,4.8,0.83,46.56,0.58,23.78,452.43,0.068,0.289,0.666,283.17,13.0,Anomaly
2020-04-15,23.74,20.99,34.35,1.54,0.82,5.82,0.99,45.49,1.06,27.42,285.3,0.319,0.325,0.382,146.89,21.76,Anomaly
2020-04-16,26.16,17.68,39.91,0.64,1.36,4.89,1.25,64.77,1.45,26.15,493.44,0.441,0.545,0.39,119.73,9.7,Anomaly
2020-04-17,31.33,19.74,48.96,2.1,1.41,5.35,0.61,48.57,0.27,9.57,279.6,0.451,0.257,0.676,271.32,20.62,Normal
2020-04-18,23.43,21.54,47.4,0.97,0.78,6.21,1.13,67.81,1.36,28.91,813.28,0.252,0.337,0.956,717.04,13.41,Normal
2020-04-19,21.15,23.98,33.85,1.58,1.48,4.93,1.15,69.1,0.95,14.42,973.02,0.257,0.861,0.516,391.14,10.28,Anomaly
2020-04-20,24.35,15.51,50.4,2.26,0.64,6.48,1.17,57.14,0.93,13.48,976.06,0.085,0.884,0.909,604.23,12.83,Anomaly
2020-04-21,22.42,25.39,35.61,1.8,0.7,4.81,0.82,44.29,0.85,6.56,892.06,0.352,0.463,0.835,742.8,9.47,Anomaly
2020-04-22,33.95,23.16,35.6,1.57,0.68,5.29,1.24,51.24,0.29,17.15,680.63,0.42,0.846,0.473,385.63,27.55,Anomaly
2020-04-23,32.12,16.06,43.42,1.15,1.39,6.28,0.68,63.93,0.32,7.73,760.69,0.16,0.581,0.325,233.89,14.93,Anomaly
2020-04-24,29.5,26.36,44.82,1.17,1.15,5.43,0.78,51.02,0.98,11.21,428.16,0.24,0.389,0.371,461.98,11.13,Anomaly
2020-04-25,33.07,26.97,44.5,1.84,0.65,5.0,1.39,42.61,0.64,12.92,704.62,0.427,0.692,0.81,735.66,16.21,Anomaly
2020-04-26,32.06,15.79,32.29,2.49,0.94,5.52,1.26,56.7,1.39,25.22,564.52,0.445,0.661,0.44,663.06,13.01,Anomaly
2020-04-27,22.8,18.6,51.94,1.82,1.12,5.34,0.61,65.35,0.73,26.89,585.61,0.159,0.892,0.56,146.08,23.61,Anomaly
2020-04-28,33.39,25.48,36.64,1.62,0.58,6.49,0.82,63.88,0.39,12.56,806.22,0.298,0.386,0.651,584.8,29.28,Anomaly
2020-04-29,28.09,24.73,33.24,1.96,1.38,5.43,0.79,45.25,1.13,26.47,425.53,0.137,0.67,0.808,500.33,15.95,Anomaly
2020-04-30,32.11,17.4,52.22,1.43,1.3,6.38,0.84,60.18,0.58,26.43,454.43,0.096,0.236,0.379,735.22,26.53,Anomaly
2020-05-01,33.44,17.72,53.89,0.62,1.01,6.58,0.82,46.62,0.88,24.12,939.71,0.46,0.28,0.584,185.74,19.15,Anomaly
2020-05-02,24.77,19.82,51.55,1.62,1.47,5.67,0.66,46.55,1.11,8.67,244.98,0.419,0.203,0.64,473.83,8.93,Anomaly
2020-05-03,21.65,21.3,50.24,2.42,0.92,6.62,1.01,66.22,1.37,22.26,588.51,0.392,0.9,0.679,715.62,22.27,Anomaly
2020-05-04,23.42,23.04,46.38,0.85,1.48,5.55,1.26,47.49,1.23,28.63,930.24,0.072,0.762,0.873,387.02,17.84,Normal
2020-05-05,26.41,19.8,43.77,1.88,1.17,6.73,1.15,47.9,1.08,22.06,688.29,0.43,0.751,0.42,437.4,21.27,Anomaly
2020-05-06,32.27,21.01,32.17,0.9,1.13,4.98,1.21,40.02,1.08,13.29,637.13,0.247,0.557,0.865,149.32,27.24,Anomaly
2020-05-07,32.91,24.72,40.21,1.57,0.67,6.17,0.67,66.12,1.43,17.51,399.8,0.204,0.41,0.785,294.7,16.01,Anomaly
2020-05-08,20.1,15.48,39.32,0.69,1.38,5.79,1.46,63.78,0.58,21.14,474.62,0.296,0.306,0.689,327.15,27.53,Anomaly
2020-05-09,27.66,18.28,36.49,1.4,0.93,5.58,1.35,58.82,0.2,17.76,881.64,0.091,0.399,0.79,761.59,23.77,Normal
2020-05-10,26.26,24.27,48.09,2.01,0.66,6.07,1.32,62.51,0.55,8.0,647.37,0.39,0.463,0.588,297.87,17.22,Normal
2020-05-11,23.33,26.64,42.4,1.2,0.51,6.21,1.34,44.56,0.48,12.8,611.79,0.312,0.729,0.397,422.61,20.08,Anomaly
2020-05-12,21.8,21.65,32.03,1.83,1.06,4.81,1.44,53.75,1.06,25.06,279.66,0.134,0.578,0.766,569.91,13.14,Anomaly
2020-05-13,25.06,21.92,35.5,2.09,1.03,5.13,1.09,50.54,1.02,26.54,212.82,0.135,0.254,0.667,213.53,29.59,Anomaly
2020-05-14,34.14,16.39,47.08,2.35,1.22,6.23,0.78,42.81,0.97,8.43,970.95,0.133,0.213,0.748,440.51,21.68,Anomaly
2020-05-15,24.85,20.82,31.9,0.97,1.39,6.13,1.16,54.58,0.22,28.81,501.59,0.076,0.272,0.537,616.98,6.1,Anomaly
2020-05-16,27.78,21.92,51.28,1.3,0.58,6.73,1.27,67.62,1.15,13.22,682.57,0.315,0.487,0.935,706.8,13.17,Anomaly
2020-05-17,30.55,18.15,42.38,0.8,1.23,6.32,1.26,41.2,0.62,21.56,263.77,0.428,0.853,0.711,538.38,20.58,Normal
2020-05-18,25.45,18.5,42.01,2.48,0.69,6.7,1.07,48.74,1.06,23.8,746.49,0.058,0.646,0.36,568.34,6.41,Anomaly
2020-05-19,34.58,19.9,44.81,2.35,1.36,6.21,0.66,46.23,0.92,25.3,946.05,0.072,0.761,0.615,188.4,5.6,Anomaly
2020-05-20,34.44,15.26,50.62,1.58,1.32,5.4,0.93,47.14,0.65,28.64,660.53,0.308,0.526,0.829,762.04,16.25,Anomaly
2020-05-21,23.78,19.19,38.7,2.18,1.04,5.01,1.43,67.25,0.37,12.82,300.89,0.419,0.453,0.856,192.8,13.32,Anomaly
2020-05-22,27.46,17.75,46.95,1.54,1.21,6.36,1.13,54.04,0.32,26.46,665.38,0.197,0.276,0.646,642.27,15.96,Normal
2020-05-23,24.51,19.26,44.14,1.75,0.81,6.09,1.08,53.99,1.28,8.29,813.08,0.207,0.813,0.926,285.37,11.57,Normal
2020-05-24,24.27,16.56,36.68,0.68,0.97,4.9,0.84,62.82,1.39,22.63,525.13,0.318,0.748,0.487,753.52,9.12,Anomaly
2020-05-25,20.55,26.58,51.97,2.01,1.32,5.52,0.93,44.63,1.04,23.55,903.87,0.173,0.318,0.587,603.97,22.23,Anomaly
2020-05-26,29.14,22.72,49.94,0.76,0.96,6.71,1.41,54.62,0.33,21.94,718.95,0.062,0.559,0.929,627.67,17.86,Anomaly
2020-05-27,27.54,23.83,46.46,2.15,0.86,5.8,1.2,52.9,0.72,11.31,919.4,0.381,0.541,0.927,253.34,10.0,Normal
2020-05-28,20.77,25.26,51.26,2.06,0.99,5.67,1.31,57.91,1.15,26.83,698.8,0.332,0.638,0.78,410.13,12.99,Anomaly
2020-05-29,24.18,21.48,51.68,1.92,1.33,5.72,1.01,69.99,1.21,9.22,305.03,0.311,0.862,0.901,532.47,19.8,Anomaly
2020-05-30,33.62,16.13,47.71,0.57,0.84,5.22,1.17,63.08,0.35,6.34,447.75,0.384,0.606,0.362,638.98,6.81,Anomaly
2020-05-31,23.59,21.98,50.93,1.11,0.67,5.54,0.82,51.94,0.2,22.94,361.44,0.354,0.578,0.905,172.77,8.69,Anomaly
2020-06-01,22.17,22.63,47.44,1.03,1.21,5.54,1.23,64.83,1.13,16.89,927.06,0.143,0.235,0.524,773.66,6.83,Anomaly
2020-06-02,27.34,24.69,47.0,1.22,1.33,4.9,0.98,45.12,0.66,26.23,808.32,0.209,0.244,0.425,723.15,25.31,Anomaly
2020-06-03,34.78,20.61,45.47,0.68,0.6,6.34,1.0,40.91,0.53,14.58,741.12,0.107,0.331,0.468,289.24,23.81,Anomaly
2020-06-04,23.63,16.66,48.82,2.37,0.74,5.63,1.18,46.13,0.22,9.21,440.77,0.108,0.223,0.593,675.93,23.83,Anomaly
2020-06-05,30.08,18.69,33.97,1.61,0.64,6.44,1.44,50.21,0.9,25.91,347.24,0.354,0.72,0.476,462.83,22.91,Anomaly
2020-06-06,31.42,19.72,52.02,1.11,0.85,6.5,0.66,55.32,1.31,18.72,805.16,0.436,0.706,0.524,423.26,21.73,Anomaly
2020-06-07,23.56,23.4,51.8,1.29,0.95,5.22,1.34,58.45,1.44,9.73,579.33,0.483,0.295,0.394,320.1,16.92,Anomaly
2020-06-08,30.92,22.42,30.73,1.39,1.25,6.11,0.86,67.32,0.94,23.01,380.63,0.333,0.785,0.507,506.68,21.06,Anomaly
2020-06-09,25.52,19.63,50.65,1.7,1.15,5.74,1.0,55.3,0.87,17.78,693.3,0.133,0.308,0.701,610.92,5.96,Anomaly
2020-06-10,29.48,27.82,33.22,1.53,1.12,6.56,0.62,55.04,0.31,20.11,232.27,0.098,0.411,0.609,387.65,20.54,Anomaly
2020-06-11,29.5,22.88,38.38,2.34,0.85,5.23,0.87,41.51,0.91,16.52,460.94,0.416,0.374,0.543,540.45,24.45,Normal
2020-06-12,28.04,18.08,48.59,1.49,1.34,6.16,1.05,41.05,0.69,25.72,574.85,0.31,0.461,0.823,589.52,17.51,Normal
2020-06-13,21.35,16.32,34.02,2.48,0.97,6.02,0.65,56.53,0.99,25.74,318.37,0.328,0.378,0.925,597.79,13.94,Anomaly
2020-06-14,32.53,16.99,50.45,2.2,1.48,5.39,1.04,53.15,0.71,22.73,987.72,0.402,0.542,0.83,136.38,11.94,Anomaly
2020-06-15,24.81,18.2,50.8,0.92,1.13,5.07,1.43,65.18,0.51,7.64,367.28,0.366,0.485,0.532,701.82,21.07,Anomaly
2020-06-16,22.8,17.09,42.69,2.36,0.63,6.1,0.69,44.82,0.32,25.97,304.28,0.426,0.891,0.821,420.78,22.32,Anomaly
2020-06-17,20.61,17.43,30.16,0.73,1.18,6.28,1.29,40.75,0.61,21.78,362.83,0.075,0.239,0.406,283.69,26.77,Anomaly
2020-06-18,28.86,18.71,37.18,2.13,0.83,5.43,0.97,53.47,0.33,22.43,815.25,0.386,0.3,0.391,269.24,13.56,Normal
2020-06-19,30.16,17.25,45.42,1.26,1.19,6.09,1.19,47.12,0.43,14.07,540.4,0.433,0.237,0.542,438.11,24.24,Anomaly
2020-06-20,20.25,26.66,54.53,2.26,0.57,5.59,0.83,41.49,1.48,26.98,652.33,0.179,0.638,0.865,720.78,19.03,Anomaly
2020-06-21,27.68,16.04,45.8,2.24,0.67,6.23,0.74,61.74,0.78,23.13,216.81,0.338,0.238,0.472,364.84,27.07,Anomaly
2020-06-22,23.4,21.82,36.5,2.11,1.36,5.2,0.74,43.35,0.89,7.81,227.55,0.191,0.786,0.344,624.81,18.2,Anomaly
2020-06-23,29.68,20.34,45.85,2.08,0.73,6.58,0.66,58.25,1.34,15.19,556.66,0.481,0.558,0.392,167.77,17.94,Anomaly
2020-06-24,22.62,27.77,43.5,1.11,1.34,5.37,0.77,48.43,1.49,27.16,853.32,0.065,0.569,0.901,433.24,19.45,Anomaly
2020-06-25,30.36,16.46,49.5,0.66,0.78,5.54,1.2,45.2,0.96,6.18,908.19,0.311,0.593,0.744,794.18,23.73,Anomaly
2020-06-26,25.8,20.17,32.67,1.31,1.14,4.92,1.39,51.39,1.26,29.04,269.37,0.125,0.32,0.477,639.31,29.12,Anomaly
2020-06-27,34.05,27.6,49.03,0.85,1.19,5.02,1.33,64.04,0.63,21.98,630.69,0.37,0.338,0.689,247.37,6.84,Anomaly
2020-06-28,22.06,26.25,43.53,1.89,1.01,5.83,1.22,51.76,0.6,20.78,930.58,0.129,0.423,0.669,451.01,6.34,Anomaly
2020-06-29,25.12,25.62,54.07,1.19,0.81,5.34,0.7,62.52,0.72,11.76,510.38,0.156,0.615,0.759,263.54,28.44,Anomaly
2020-06-30,21.7,18.35,38.55,2.45,0.71,6.47,0.86,43.76,1.07,11.22,863.65,0.272,0.347,0.463,386.69,18.25,Anomaly
2020-07-01,33.87,17.22,45.82,1.78,0.53,4.83,0.88,63.18,1.09,28.55,306.96,0.462,0.281,0.905,646.06,20.37,Anomaly
2020-07-02,33.16,23.69,53.3,2.14,0.8,5.56,0.82,47.11,0.61,12.46,948.32,0.145,0.879,0.517,639.86,17.06,Anomaly
2020-07-03,23.87,27.08,32.56,0.77,1.15,5.47,1.06,60.32,0.37,24.39,801.14,0.115,0.215,0.786,259.67,7.34,Anomaly
2020-07-04,29.9,22.24,53.43,2.22,1.44,4.84,1.08,56.97,1.02,14.83,953.07,0.392,0.762,0.311,745.56,24.2,Anomaly
2020-07-05,32.26,22.43,47.2,2.35,1.37,5.05,0.92,67.87,0.37,8.48,741.29,0.275,0.752,0.561,514.8,23.68,Anomaly
2020-07-06,28.33,18.64,31.7,1.47,1.27,5.63,0.92,51.62,0.95,5.27,490.72,0.46,0.408,0.546,365.95,12.79,Anomaly
2020-07-07,27.94,25.0,37.52,1.71,1.29,5.79,1.35,41.98,1.1,18.61,950.54,0.116,0.295,0.68,451.35,12.66,Anomaly
2020-07-08,23.63,17.43,47.7,2.03,1.16,5.61,1.31,40.57,1.11,29.39,420.45,0.341,0.302,0.351,523.55,25.95,Anomaly
2020-07-09,21.4,19.21,31.68,0.85,0.76,5.86,0.88,64.81,1.18,14.23,465.74,0.155,0.688,0.853,491.92,6.81,Anomaly
2020-07-10,33.46,20.53,44.55,1.51,1.41,5.99,1.42,55.74,1.33,13.93,760.65,0.121,0.65,0.452,440.48,27.03,Anomaly
2020-07-11,33.51,21.6,38.65,1.3,1.17,4.82,1.46,63.26,0.85,13.6,812.25,0.358,0.748,0.774,453.45,11.42,Anomaly
2020-07-12,29.5,18.15,45.52,0.79,1.06,5.73,0.89,47.03,1.15,18.01,943.52,0.317,0.856,0.862,223.49,19.82,Normal
2020-07-13,25.09,16.49,31.14,1.24,0.61,6.73,0.92,50.35,1.0,16.02,363.84,0.39,0.684,0.693,668.91,28.4,Anomaly
2020-07-14,25.24,22.94,51.79,0.64,0.95,5.84,1.06,40.9,0.44,27.0,838.4,0.189,0.309,0.819,479.23,21.95,Anomaly
2020-07-15,30.89,18.75,54.34,0.55,0.96,6.16,1.45,68.84,0.23,17.64,790.84,0.252,0.37,0.763,191.76,15.36,Anomaly
2020-07-16,33.46,22.56,54.22,0.77,1.36,5.42,1.39,60.04,0.57,17.69,251.04,0.232,0.79,0.549,636.31,22.24,Anomaly
2020-07-17,33.31,17.01,48.74,2.43,1.05,6.35,0.69,68.0,0.78,8.46,509.78,0.493,0.347,0.866,752.71,13.6,Anomaly
2020-07-18,31.7,21.25,33.25,1.6,0.88,6.35,0.95,47.96,1.0,29.57,426.21,0.182,0.251,0.506,763.11,11.93,Anomaly
2020-07-19,29.63,21.92,48.96,2.43,1.48,5.84,1.1,58.34,1.3,11.25,443.59,0.183,0.692,0.7,358.31,29.92,Normal
2020-07-20,21.26,15.67,30.61,1.36,0.61,6.75,1.05,60.35,0.46,6.83,986.36,0.21,0.482,0.822,194.86,23.77,Anomaly
2020-07-21,22.42,19.38,30.55,1.12,0.92,5.05,0.77,49.53,0.36,21.58,714.22,0.304,0.844,0.565,462.88,21.12,Anomaly
2020-07-22,33.48,16.75,38.09,1.51,0.54,4.83,1.37,65.44,1.45,19.88,774.14,0.164,0.655,0.512,178.83,13.88,Anomaly
2020-07-23,29.1,15.82,42.22,1.38,1.24,6.34,1.21,68.41,0.34,15.38,981.29,0.462,0.263,0.622,753.79,6.23,Anomaly
2020-07-24,20.14,27.87,49.26,0.71,1.42,6.41,1.35,66.55,0.82,15.55,501.76,0.17,0.863,0.873,228.51,5.78,Anomaly
2020-07-25,21.52,19.19,47.08,1.78,0.78,5.04,1.37,62.17,0.96,24.63,841.47,0.453,0.381,0.951,276.94,18.85,Anomaly
2020-07-26,29.95,25.53,41.15,0.93,1.36,5.33,1.27,48.32,0.9,9.89,547.62,0.097,0.436,0.682,384.65,24.05,Anomaly
2020-07-27,20.08,18.31,36.84,1.74,0.79,4.84,1.0,48.45,0.31,25.51,895.63,0.345,0.482,0.763,368.22,18.43,Anomaly
2020-07-28,22.41,23.86,54.93,1.8,1.41,5.39,1.15,68.9,0.27,21.22,344.53,0.458,0.236,0.932,656.26,26.02,Anomaly
2020-07-29,28.23,24.88,40.65,0.8,1.25,6.35,0.74,40.31,0.34,15.47,958.15,0.126,0.548,0.369,419.42,5.84,Normal
2020-07-30,30.38,22.74,41.28,0.62,1.3,5.84,1.21,61.48,0.96,16.45,375.02,0.486,0.286,0.462,219.54,14.17,Normal
2020-07-31,29.78,21.13,34.09,2.06,0.52,5.5,0.76,61.19,0.91,11.42,460.98,0.254,0.481,0.796,287.05,10.93,Anomaly
2020-08-01,23.36,20.35,49.87,1.42,1.46,5.54,1.22,58.68,0.5,23.8,804.95,0.476,0.445,0.877,456.38,16.18,Normal
2020-08-02,30.68,19.54,47.34,0.62,1.23,4.8,0.81,69.7,1.03,17.82,515.0,0.355,0.741,0.9,203.22,6.81,Anomaly
2020-08-03,23.56,27.08,35.52,2.49,0.8,5.4,0.71,49.36,1.27,13.02,686.57,0.186,0.762,0.591,528.16,28.85,Anomaly
2020-08-04,24.88,25.8,32.06,0.62,1.33,6.09,0.75,50.2,0.25,19.9,555.66,0.135,0.307,0.363,496.02,10.58,Anomaly
2020-08-05,31.2,27.55,47.01,1.89,0.78,6.75,0.6,42.37,0.85,29.89,793.9,0.187,0.457,0.606,600.29,28.06,Anomaly
2020-08-06,29.74,16.62,46.36,2.47,1.37,6.49,1.25,53.28,1.1,15.88,382.67,0.092,0.461,0.462,756.39,15.65,Anomaly
2020-08-07,32.74,24.5,36.83,0.98,0.61,4.85,1.26,47.83,0.53,28.02,246.77,0.115,0.306,0.504,738.58,29.64,Anomaly
2020-08-08,29.86,27.2,53.77,0.78,1.2,6.6,1.06,50.3,0.6,13.63,439.94,0.097,0.759,0.841,762.25,18.85,Anomaly
2020-08-09,28.52,17.36,33.78,0.74,1.04,6.37,0.75,65.04,1.0,6.37,579.45,0.24,0.695,0.353,271.3,28.27,Anomaly
2020-08-10,21.41,15.86,40.81,1.11,0.6,6.36,0.68,68.06,1.37,10.11,334.42,0.408,0.333,0.879,192.1,5.13,Anomaly
2020-08-11,25.52,24.63,53.59,0.7,0.74,5.72,0.62,45.57,1.25,15.47,483.84,0.114,0.457,0.599,311.59,23.71,Anomaly
2020-08-12,23.98,22.47,40.49,1.88,0.51,5.6,0.75,51.18,0.96,10.49,519.99,0.109,0.274,0.717,726.56,27.58,Normal
2020-08-13,23.66,25.94,45.96,0.62,0.97,5.41,1.4,67.86,1.15,5.01,245.91,0.34,0.64,0.363,780.44,8.49,Anomaly
2020-08-14,34.6,16.82,39.94,1.52,0.8,4.93,0.82,41.85,0.67,27.88,666.65,0.139,0.285,0.536,701.53,7.4,Anomaly
2020-08-15,25.9,25.34,36.86,2.49,1.1,5.26,0.92,42.77,1.03,26.1,907.47,0.094,0.89,0.363,177.01,15.61,Anomaly
2020-08-16,33.38,17.62,54.6,2.13,0.8,5.29,0.69,44.88,0.81,23.56,321.39,0.125,0.746,0.973,763.2,28.34,Anomaly
2020-08-17,29.47,17.13,40.23,1.73,0.8,5.77,0.8,57.86,0.45,9.2,678.25,0.466,0.473,0.865,396.35,18.56,Anomaly
2020-08-18,31.92,17.14,52.35,1.11,1.24,6.29,1.07,44.51,1.11,8.01,731.79,0.42,0.605,0.622,106.52,18.19,Anomaly
2020-08-19,27.54,25.59,35.75,1.75,0.55,5.75,1.15,69.04,0.92,6.69,535.47,0.209,0.838,0.457,409.68,8.53,Anomaly
2020-08-20,28.65,23.65,35.33,1.55,1.4,4.92,0.82,53.4,0.67,23.1,760.88,0.345,0.588,0.953,132.25,5.02,Anomaly
2020-08-21,27.39,21.8,30.78,1.35,1.35,6.72,0.65,55.05,1.38,28.22,528.59,0.292,0.322,0.541,480.71,25.25,Anomaly
2020-08-22,22.93,19.66,46.29,0.76,1.17,6.69,0.95,47.4,0.23,15.76,603.71,0.355,0.465,0.413,336.99,7.19,Anomaly
2020-08-23,30.84,26.4,39.21,2.27,1.09,6.37,0.81,54.13,0.61,7.98,205.88,0.357,0.79,0.694,431.4,20.85,Anomaly
2020-08-24,24.21,20.1,51.61,1.4,1.39,6.78,0.8,59.86,0.27,17.81,753.38,0.333,0.651,0.961,529.22,27.87,Anomaly
2020-08-25,20.36,25.62,41.83,0.89,0.69,5.89,1.46,62.54,1.2,13.72,729.07,0.17,0.656,0.303,708.16,10.22,Anomaly
2020-08-26,29.68,20.71,54.2,1.24,0.58,6.73,1.15,62.62,1.11,14.37,230.72,0.068,0.807,0.467,563.33,21.63,Anomaly
2020-08-27,22.66,19.9,34.64,1.33,0.74,4.95,1.1,57.34,0.63,20.53,494.6,0.255,0.826,0.957,403.83,6.97,Anomaly
2020-08-28,34.11,21.01,51.72,2.16,1.29,5.53,0.97,67.13,1.08,22.97,983.23,0.451,0.844,0.42,673.6,20.09,Anomaly
2020-08-29,34.31,18.92,49.41,1.97,0.53,5.25,0.99,64.52,0.71,7.77,536.59,0.306,0.266,0.379,733.91,9.1,Anomaly
2020-08-30,33.72,24.72,49.27,2.04,1.08,5.19,1.09,62.71,1.18,5.89,601.56,0.425,0.581,0.699,183.83,23.4,Anomaly
2020-08-31,25.55,21.54,51.12,0.52,1.5,5.08,1.23,41.67,0.79,29.86,927.94,0.496,0.718,0.903,472.35,12.53,Anomaly
2020-09-01,20.23,18.02,49.03,1.33,1.36,6.04,1.23,40.21,0.74,10.82,773.81,0.124,0.73,0.634,299.16,16.58,Anomaly
2020-09-02,33.92,26.69,45.66,1.46,1.02,6.36,0.75,46.37,1.42,6.35,665.66,0.361,0.625,0.996,132.94,19.99,Anomaly
2020-09-03,26.42,19.99,33.28,0.54,0.56,5.96,1.05,59.91,0.53,9.75,838.24,0.353,0.317,0.775,567.98,9.28,Anomaly
2020-09-04,34.5,22.07,30.81,1.02,1.33,5.09,0.97,52.34,0.36,5.97,891.49,0.491,0.758,0.352,703.94,23.54,Anomaly
2020-09-05,34.45,26.78,53.02,2.02,1.1,6.42,1.38,52.07,0.96,14.8,565.51,0.494,0.704,0.995,214.03,12.57,Anomaly
2020-09-06,32.8,23.12,45.42,0.77,0.61,6.07,1.17,66.54,1.46,25.06,580.09,0.359,0.26,0.586,668.69,21.56,Anomaly
2020-09-07,24.42,16.52,49.91,1.57,0.59,5.58,1.08,66.87,0.69,13.53,508.84,0.16,0.525,0.501,697.38,8.96,Anomaly
2020-09-08,25.78,27.22,42.04,0.93,1.41,6.15,0.7,67.28,0.28,16.1,973.36,0.409,0.322,0.691,740.04,22.2,Anomaly
2020-09-09,32.77,23.16,32.93,0.52,1.17,5.32,1.15,49.42,0.64,21.89,757.73,0.098,0.436,0.513,285.7,8.2,Anomaly
2020-09-10,24.75,19.35,33.13,0.98,1.33,5.49,0.71,60.73,0.86,17.72,266.58,0.401,0.213,0.361,732.77,15.63,Anomaly
2020-09-11,22.54,16.81,47.14,2.45,1.38,6.63,0.9,48.15,0.41,26.54,890.37,0.46,0.48,0.301,324.46,11.18,Anomaly
2020-09-12,28.35,25.32,40.76,2.1,1.07,5.38,0.73,45.72,1.06,26.65,584.45,0.222,0.585,0.615,486.64,23.71,Anomaly
2020-09-13,34.04,23.06,35.01,2.42,1.02,5.74,1.22,45.54,1.5,5.25,255.0,0.334,0.634,0.886,135.36,11.55,Anomaly
2020-09-14,30.44,21.93,42.29,1.48,0.93,6.58,0.79,50.26,0.79,24.45,639.77,0.244,0.664,0.701,130.72,27.04,Anomaly
2020-09-15,28.55,26.62,31.61,0.72,0.82,6.22,0.95,52.9,0.66,16.52,533.73,0.247,0.785,0.999,604.26,27.3,Anomaly
2020-09-16,21.46,25.25,44.55,1.6,0.93,4.92,1.41,64.93,0.72,29.72,902.2,0.19,0.351,0.501,411.14,9.91,Anomaly
2020-09-17,29.23,16.97,36.72,1.41,1.27,5.09,0.78,43.6,0.35,17.08,363.2,0.393,0.284,0.496,279.4,20.35,Anomaly
2020-09-18,34.85,19.05,49.94,2.19,1.1,4.82,1.06,62.05,1.35,29.67,861.17,0.471,0.796,0.412,233.29,7.19,Anomaly
2020-09-19,22.1,18.23,37.76,0.7,1.39,6.06,0.98,55.94,0.74,23.86,646.15,0.473,0.31,0.415,568.97,14.79,Anomaly
2020-09-20,27.77,24.67,41.38,1.48,0.94,5.7,0.62,48.64,0.7,11.22,243.69,0.129,0.882,0.5,100.28,22.83,Normal
2020-09-21,33.16,15.44,30.29,0.8,1.11,5.07,1.31,54.78,1.06,18.46,977.48,0.444,0.79,0.855,664.12,21.49,Anomaly
2020-09-22,31.11,22.41,31.81,1.15,1.13,6.72,0.66,49.0,0.77,29.8,610.09,0.382,0.551,0.934,155.47,20.62,Anomaly
2020-09-23,30.46,24.91,39.81,1.97,1.09,5.86,1.03,57.88,1.04,26.44,432.7,0.164,0.887,0.983,234.04,12.06,Normal
2020-09-24,30.54,26.4,42.0,1.45,1.2,5.28,1.1,53.02,0.28,7.43,575.53,0.08,0.268,0.463,370.37,14.45,Anomaly
2020-09-25,25.39,19.45,45.0,1.25,0.74,5.8,1.17,44.93,1.26,22.66,886.29,0.171,0.412,0.917,439.4,7.57,Normal
2020-09-26,24.4,25.68,37.29,1.29,1.01,6.16,1.22,43.5,1.42,13.64,443.92,0.46,0.647,0.53,348.5,22.98,Anomaly
2020-09-27,32.14,16.44,47.37,1.42,0.6,4.95,0.83,56.4,1.04,5.17,354.14,0.335,0.445,0.379,324.5,17.6,Anomaly
2020-09-28,32.15,26.0,51.5,2.07,0.88,5.35,0.61,67.07,1.44,15.09,303.26,0.374,0.85,0.909,774.74,22.72,Anomaly
2020-09-29,33.01,16.66,49.5,2.28,0.99,6.41,1.25,50.32,0.4,10.87,438.29,0.166,0.246,0.745,549.11,11.22,Anomaly
2020-09-30,33.7,20.16,30.99,2.41,1.15,5.72,1.08,61.99,0.82,25.47,824.04,0.374,0.585,0.415,116.4,13.11,Anomaly
2020-10-01,27.67,25.36,42.01,2.07,1.45,5.89,1.35,59.76,0.98,13.43,577.3,0.063,0.614,0.601,401.12,13.36,Anomaly
2020-10-02,27.52,16.95,32.62,1.13,1.1,5.67,1.34,67.95,0.96,25.69,381.99,0.219,0.657,0.501,712.51,5.64,Anomaly
2020-10-03,31.97,17.98,36.05,1.88,1.24,4.89,1.36,64.63,0.72,5.01,332.95,0.332,0.379,0.816,311.02,13.53,Anomaly
2020-10-04,29.75,24.39,54.67,1.38,1.01,5.13,1.04,57.0,0.64,12.7,466.18,0.116,0.455,0.617,166.19,25.08,Anomaly
2020-10-05,30.53,24.36,33.56,1.01,1.13,5.69,0.9,59.71,0.36,11.03,951.94,0.42,0.791,0.992,630.87,27.43,Anomaly
2020-10-06,31.94,23.33,42.47,2.18,0.57,5.22,1.31,66.95,0.71,10.84,474.42,0.156,0.336,0.338,524.21,17.96,Normal
2020-10-07,33.35,24.02,45.45,0.58,0.75,4.9,1.01,51.99,0.41,6.7,990.5,0.344,0.779,0.549,499.22,16.39,Anomaly
2020-10-08,25.07,22.06,47.56,2.3,0.86,6.49,0.77,49.8,1.15,9.68,588.18,0.232,0.594,0.637,137.5,5.77,Anomaly
2020-10-09,25.63,18.27,43.99,1.42,0.97,6.76,1.37,40.32,0.47,18.89,343.33,0.318,0.734,0.652,198.35,26.98,Anomaly
2020-10-10,21.41,19.49,30.24,1.77,0.55,6.39,1.39,64.8,0.28,12.28,912.91,0.098,0.7,0.521,535.78,5.33,Anomaly
2020-10-11,28.67,17.36,38.16,1.82,0.64,6.51,1.02,64.03,0.92,15.43,568.28,0.058,0.345,0.81,245.48,28.62,Anomaly
2020-10-12,20.54,26.81,42.94,2.29,0.78,5.28,0.67,43.13,0.97,14.42,767.74,0.459,0.598,0.912,452.85,17.23,Anomaly
2020-10-13,26.98,22.58,32.2,1.77,1.47,6.72,0.95,57.31,1.33,26.9,986.97,0.171,0.807,0.957,481.42,13.55,Anomaly
2020-10-14,28.14,20.21,38.77,1.73,0.83,5.19,1.32,53.92,0.95,27.63,240.14,0.419,0.502,0.864,298.46,28.11,Anomaly
2020-10-15,24.3,21.01,30.83,0.63,0.98,6.7,1.41,43.56,0.65,17.32,277.36,0.5,0.877,0.895,763.9,5.61,Anomaly
2020-10-16,28.86,27.31,31.96,1.54,0.7,6.79,0.78,69.42,1.24,13.25,776.37,0.145,0.517,0.685,689.72,19.54,Anomaly
2020-10-17,20.46,16.99,39.92,0.8,1.11,6.22,0.66,46.44,0.9,7.67,425.46,0.169,0.3,0.878,605.66,18.72,Anomaly
2020-10-18,20.56,22.62,33.32,1.97,0.78,6.76,1.39,42.02,0.3,28.84,347.44,0.348,0.473,0.512,154.6,10.48,Anomaly
2020-10-19,32.34,21.58,44.19,1.52,0.71,5.94,0.95,57.85,0.94,6.51,231.49,0.484,0.866,0.579,174.29,15.72,Anomaly
2020-10-20,25.4,22.95,47.24,1.86,1.02,5.32,1.09,62.17,1.38,12.44,217.48,0.462,0.424,0.522,444.95,21.31,Normal
2020-10-21,21.91,15.24,50.01,0.58,0.51,5.67,1.47,40.97,0.72,12.45,819.59,0.276,0.808,0.627,212.5,23.18,Anomaly
2020-10-22,27.83,26.34,35.0,0.67,0.51,5.99,0.66,59.76,0.59,13.01,307.55,0.408,0.817,0.5,784.79,5.02,Anomaly
2020-10-23,31.55,27.12,34.19,1.93,0.72,4.95,1.18,55.97,0.39,9.11,574.18,0.111,0.445,0.973,210.96,28.42,Anomaly
2020-10-24,23.24,22.35,32.61,0.64,0.54,6.04,0.67,43.1,0.4,24.58,684.72,0.49,0.258,0.519,441.23,9.11,Anomaly
2020-10-25,29.34,24.06,45.91,0.64,0.61,6.76,0.94,45.18,0.76,8.06,542.68,0.484,0.707,0.369,354.88,10.84,Anomaly
2020-10-26,21.28,26.99,47.66,0.52,0.84,5.18,1.32,57.04,0.97,20.87,221.69,0.124,0.418,0.669,547.57,11.59,Anomaly
2020-10-27,20.78,24.19,30.79,2.41,1.3,6.39,0.99,48.89,0.3,8.1,826.8,0.185,0.748,0.34,190.33,5.95,Anomaly
2020-10-28,27.97,16.98,53.41,1.98,1.07,6.62,1.5,68.15,1.42,6.76,208.41,0.095,0.51,0.377,401.22,8.08,Anomaly
2020-10-29,28.11,22.49,31.3,1.21,1.01,6.69,1.1,64.56,1.18,27.74,809.51,0.172,0.54,0.454,292.29,29.66,Anomaly
2020-10-30,29.56,22.89,43.53,1.09,0.79,6.72,0.89,69.51,0.96,9.75,914.64,0.417,0.745,0.625,721.43,12.88,Anomaly
2020-10-31,30.89,20.51,47.73,1.2,1.43,5.84,0.8,47.79,1.28,25.53,546.27,0.22,0.468,0.603,128.41,7.88,Normal
2020-11-01,34.64,24.57,51.77,2.05,0.9,6.75,0.92,69.09,0.3,18.62,628.43,0.09,0.51,0.86,739.61,7.67,Anomaly
2020-11-02,27.74,27.15,47.85,1.82,0.59,6.31,0.94,52.94,0.82,6.95,581.59,0.204,0.463,0.818,683.1,22.99,Anomaly
2020-11-03,24.84,27.03,50.04,0.87,1.12,5.12,0.66,50.43,1.02,28.89,511.37,0.492,0.457,0.598,308.3,26.36,Anomaly
2020-11-04,31.93,20.86,38.49,0.85,0.61,5.75,0.93,41.51,1.28,11.17,909.94,0.333,0.568,0.534,652.5,11.42,Normal
2020-11-05,24.06,16.47,50.37,0.7,0.85,6.24,1.02,41.58,1.22,26.49,915.15,0.237,0.766,0.522,121.85,5.52,Anomaly
2020-11-06,26.58,27.8,32.0,1.82,1.01,5.29,1.25,60.76,0.56,9.22,468.65,0.125,0.453,0.842,776.81,10.58,Anomaly
2020-11-07,21.18,25.91,52.37,2.03,1.37,6.08,1.19,53.74,1.42,26.35,692.06,0.494,0.567,0.336,468.62,6.41,Anomaly
2020-11-08,20.38,16.62,43.69,1.03,0.99,6.13,1.24,46.8,0.36,5.33,941.53,0.419,0.67,0.309,312.3,7.58,Anomaly
2020-11-09,34.44,26.97,50.43,0.54,1.2,5.13,0.61,58.42,1.34,17.79,969.65,0.177,0.389,0.857,353.81,15.79,Anomaly
2020-11-10,32.54,26.31,41.31,0.66,1.49,5.93,0.8,47.59,1.46,24.24,607.17,0.082,0.394,0.634,146.48,10.75,Anomaly
2020-11-11,30.44,21.74,46.09,2.44,0.63,6.34,1.2,57.33,0.43,28.37,562.26,0.075,0.853,0.392,792.54,17.9,Normal
2020-11-12,26.13,22.69,43.16,1.09,0.77,5.8,1.04,50.78,1.14,27.73,422.96,0.104,0.706,0.465,127.5,11.34,Normal
2020-11-13,22.6,20.19,48.29,2.04,0.89,4.82,0.6,64.71,0.25,25.49,967.1,0.311,0.604,0.953,558.43,28.51,Anomaly
2020-11-14,22.35,15.71,32.04,1.75,0.92,4.82,1.32,64.62,0.73,27.2,314.25,0.468,0.653,0.902,409.92,27.65,Anomaly
2020-11-15,23.75,19.36,31.51,1.26,0.91,5.51,1.3,54.32,0.87,9.98,663.86,0.274,0.221,0.797,764.24,19.17,Anomaly
2020-11-16,28.24,25.44,36.18,0.91,1.41,6.65,1.09,50.52,0.95,12.1,426.04,0.429,0.633,0.638,272.2,13.86,Anomaly
2020-11-17,30.72,15.06,33.99,0.74,1.21,5.26,0.66,50.88,1.42,12.22,423.21,0.251,0.557,0.664,472.46,14.53,Anomaly
2020-11-18,29.9,19.34,51.79,1.73,1.11,6.07,1.29,64.17,1.07,14.43,523.97,0.369,0.582,0.983,437.65,15.3,Anomaly
2020-11-19,24.2,20.18,35.48,2.05,0.81,5.24,1.13,49.85,0.83,14.83,999.03,0.379,0.452,0.976,592.01,23.19,Anomaly
2020-11-20,34.32,21.99,54.4,1.79,1.32,5.44,1.3,46.27,1.25,18.61,243.97,0.128,0.257,0.451,147.61,16.29,Anomaly
2020-11-21,31.07,26.96,38.42,1.56,1.46,6.5,1.28,42.54,1.44,9.0,662.83,0.213,0.335,0.868,235.65,26.42,Anomaly
2020-11-22,28.32,19.5,34.55,0.58,1.32,6.26,1.32,54.0,0.23,22.28,266.06,0.337,0.866,0.438,250.2,28.6,Anomaly
2020-11-23,29.18,19.51,49.74,2.44,0.5,4.99,1.07,54.46,1.48,9.19,323.62,0.082,0.486,0.449,616.71,13.4,Anomaly
2020-11-24,26.29,24.59,46.47,2.1,1.14,5.66,0.73,65.23,0.31,12.76,551.65,0.213,0.527,0.773,232.4,19.02,Normal
2020-11-25,23.72,20.88,42.45,1.09,0.55,4.86,1.2,46.64,1.26,17.58,608.37,0.291,0.237,0.584,501.44,7.38,Anomaly
2020-11-26,25.34,17.92,43.88,2.46,0.76,5.76,1.16,51.43,0.56,24.91,407.03,0.498,0.226,0.952,250.67,10.01,Normal
2020-11-27,31.37,20.88,47.98,1.7,0.56,6.12,1.27,64.25,0.37,23.49,453.17,0.264,0.702,0.362,703.14,15.34,Normal
2020-11-28,20.22,16.83,35.71,1.66,1.1,5.04,0.75,64.71,0.77,21.14,269.57,0.417,0.577,0.658,759.53,10.16,Anomaly
2020-11-29,21.74,17.29,54.91,2.0,1.19,5.38,0.78,51.54,1.04,8.89,442.58,0.244,0.556,0.943,462.95,26.91,Anomaly
2020-11-30,20.69,21.48,54.37,2.12,0.61,5.6,1.4,53.77,0.7,18.68,973.25,0.408,0.37,0.933,346.62,8.96,Anomaly
2020-12-01,20.61,20.45,46.26,1.81,0.88,6.64,1.27,49.1,0.27,7.19,955.77,0.318,0.721,0.41,263.84,16.39,Anomaly
2020-12-02,32.83,26.89,34.99,0.76,0.96,6.79,1.42,67.98,0.98,14.43,467.9,0.449,0.318,0.557,134.85,20.14,Anomaly
2020-12-03,30.55,19.71,47.01,1.18,0.87,4.89,1.28,43.56,1.37,15.34,656.68,0.235,0.333,0.733,287.95,22.3,Anomaly
2020-12-04,27.11,22.55,31.8,2.36,0.62,6.32,1.14,68.01,0.7,6.0,927.68,0.322,0.522,0.412,557.97,14.58,Anomaly
2020-12-05,21.47,23.22,30.77,0.95,0.92,5.54,1.19,60.52,0.48,11.85,204.95,0.334,0.4,0.978,473.53,26.73,Anomaly
2020-12-06,27.37,15.17,36.44,1.24,1.25,5.58,1.4,55.95,0.78,28.89,848.55,0.238,0.373,0.94,760.83,19.21,Anomaly
2020-12-07,27.1,23.63,41.57,1.36,0.57,6.31,1.12,40.98,0.26,28.84,958.7,0.115,0.652,0.417,377.39,15.99,Normal
2020-12-08,22.6,17.31,51.71,1.38,0.58,6.64,1.17,54.27,1.27,13.81,273.06,0.092,0.656,0.385,585.7,6.68,Anomaly
2020-12-09,26.51,27.49,48.18,1.73,0.85,6.7,0.74,52.23,1.27,6.08,329.16,0.058,0.777,0.36,442.53,16.62,Anomaly
2020-12-10,25.98,16.93,48.57,2.39,1.44,5.95,1.03,44.84,0.96,9.48,968.6,0.443,0.492,0.937,458.8,25.52,Anomaly
2020-12-11,29.24,20.39,40.64,0.98,1.17,5.51,1.24,59.69,0.66,14.81,630.03,0.156,0.251,0.436,287.44,20.36,Normal
2020-12-12,29.53,16.11,38.65,0.74,1.18,6.38,0.84,69.13,1.24,28.69,211.36,0.145,0.392,0.591,418.47,25.8,Anomaly
2020-12-13,20.68,27.96,39.28,0.89,0.86,5.3,0.78,56.87,0.92,8.53,406.11,0.381,0.886,0.614,429.55,17.35,Anomaly
2020-12-14,25.62,21.53,54.69,2.27,1.09,5.93,0.88,61.44,1.27,24.09,559.95,0.194,0.617,0.719,594.65,7.96,Anomaly
2020-12-15,29.39,22.74,31.0,1.79,0.51,5.52,0.82,42.05,1.02,7.72,754.33,0.278,0.697,0.35,758.45,5.34,Anomaly
2020-12-16,27.55,15.87,51.68,1.07,1.14,6.11,0.79,52.53,1.22,29.53,786.53,0.123,0.205,0.459,330.52,12.58,Anomaly
2020-12-17,32.85,24.75,44.47,2.13,1.41,5.28,0.98,43.49,0.98,14.54,996.34,0.482,0.563,0.952,129.54,22.45,Anomaly
2020-12-18,29.88,17.73,40.97,2.22,1.11,5.18,1.42,58.38,0.74,24.38,430.01,0.433,0.226,0.936,447.41,24.76,Anomaly
2020-12-19,22.44,26.67,48.13,2.19,1.37,6.64,1.06,68.15,1.45,13.56,630.58,0.439,0.598,0.847,481.12,12.39,Anomaly
2020-12-20,21.06,17.67,42.17,2.34,1.22,5.0,0.77,59.85,0.9,20.69,626.66,0.233,0.845,0.314,217.91,17.39,Anomaly
2020-12-21,29.64,17.48,51.84,1.0,0.62,5.81,0.67,42.3,0.99,9.8,524.52,0.393,0.878,0.529,632.33,15.53,Anomaly
2020-12-22,20.4,15.48,52.52,2.01,1.4,5.24,1.23,50.64,0.49,8.65,335.33,0.115,0.578,0.74,789.45,15.26,Anomaly
2020-12-23,28.79,21.14,40.54,1.42,0.57,4.88,0.94,56.52,1.01,28.45,981.97,0.054,0.521,0.493,762.04,10.78,Anomaly
2020-12-24,34.1,22.34,36.92,2.18,1.03,4.87,1.34,52.1,0.94,27.94,882.65,0.059,0.862,0.937,237.97,8.41,Anomaly
2020-12-25,28.63,15.85,44.81,1.96,0.64,5.15,1.19,65.01,0.44,27.19,598.67,0.314,0.672,0.744,712.75,9.92,Anomaly
2020-12-26,25.82,25.08,52.81,2.05,0.51,6.53,1.32,64.44,0.28,20.64,682.6,0.255,0.245,0.35,593.15,6.38,Anomaly
2020-12-27,29.65,20.89,35.27,1.81,0.92,5.36,0.84,58.35,0.99,25.21,381.81,0.283,0.526,0.936,417.69,9.95,Anomaly
2020-12-28,26.87,21.82,45.57,0.85,0.8,6.7,1.22,51.2,1.19,6.73,635.03,0.053,0.368,0.97,478.43,5.23,Anomaly
2020-12-29,28.18,20.73,45.79,1.59,0.99,5.96,0.84,47.66,0.88,13.37,755.98,0.24,0.529,0.354,694.72,20.68,Normal
2020-12-30,34.12,20.21,48.33,2.47,1.08,5.67,1.45,43.18,0.49,12.84,612.13,0.373,0.519,0.673,436.09,12.91,Anomaly
2020-12-31,25.79,22.28,33.29,2.37,0.54,5.96,1.17,50.65,1.07,20.89,992.23,0.249,0.608,0.512,361.25,29.33,Anomaly
2021-01-01,34.42,17.02,47.9,0.59,0.62,5.83,0.89,52.4,0.3,13.9,689.07,0.379,0.45,0.575,445.27,9.84,Anomaly
2021-01-02,33.58,17.37,52.73,0.83,1.06,6.32,0.84,60.27,0.77,8.71,496.78,0.155,0.315,0.426,505.39,13.65,Anomaly
2021-01-03,22.94,26.2,34.49,0.76,0.84,5.36,0.77,59.74,0.41,19.91,817.72,0.416,0.553,0.705,232.35,13.95,Anomaly
2021-01-04,21.04,27.3,35.94,1.95,1.23,5.51,1.23,42.1,0.44,25.36,336.37,0.315,0.781,0.971,730.64,5.21,Anomaly
2021-01-05,21.51,19.85,54.28,2.14,1.15,6.59,0.8,51.86,0.46,14.55,507.61,0.145,0.665,0.652,571.93,25.98,Anomaly
2021-01-06,20.27,18.52,34.52,0.93,1.35,6.69,1.14,45.45,0.7,8.31,477.57,0.157,0.437,0.358,543.29,5.8,Anomaly
2021-01-07,21.42,23.37,51.36,1.51,1.19,6.59,0.84,44.7,0.27,9.92,545.45,0.333,0.855,0.734,169.65,28.5,Anomaly
2021-01-08,30.25,20.31,42.31,2.18,0.93,5.64,1.2,64.82,0.72,10.94,825.42,0.423,0.839,0.538,522.92,27.3,Normal
2021-01-09,21.07,15.33,36.18,1.97,1.17,6.36,1.33,41.26,0.87,12.5,587.34,0.237,0.347,0.899,184.67,18.39,Anomaly
2021-01-10,24.78,17.03,51.77,1.58,0.78,5.75,1.3,52.58,0.83,21.07,835.21,0.166,0.228,0.604,155.09,18.59,Anomaly
2021-01-11,32.67,24.31,41.13,1.68,0.81,5.8,1.28,45.05,0.7,20.02,661.19,0.44,0.719,0.435,469.12,21.34,Anomaly
2021-01-12,20.35,23.57,42.87,1.52,1.29,5.21,0.77,66.38,1.29,22.4,473.66,0.351,0.779,0.434,381.95,14.68,Anomaly
2021-01-13,32.22,15.35,38.98,1.1,0.95,5.98,0.68,56.71,0.39,14.06,847.98,0.252,0.878,0.838,512.17,21.18,Anomaly
2021-01-14,24.23,17.89,44.82,1.63,1.3,5.17,1.23,46.94,0.86,25.6,390.63,0.27,0.823,0.486,162.46,6.12,Anomaly
2021-01-15,21.77,18.0,34.09,1.88,1.32,5.46,0.93,55.07,0.28,10.1,379.51,0.142,0.62,0.837,401.69,6.35,Anomaly
2021-01-16,30.45,23.73,39.78,2.25,1.36,6.51,0.99,61.94,0.29,16.73,603.6,0.332,0.571,0.444,222.35,16.43,Anomaly
2021-01-17,29.43,15.26,54.24,1.77,1.42,5.21,0.63,68.74,0.95,25.02,408.68,0.211,0.219,0.525,790.97,18.74,Anomaly
2021-01-18,33.16,16.35,36.45,2.02,0.93,4.94,0.83,46.61,0.94,9.5,207.27,0.498,0.373,0.626,492.81,27.2,Anomaly
2021-01-19,31.03,25.4,46.42,0.82,0.82,4.94,0.63,66.59,1.34,7.75,718.64,0.266,0.522,0.96,581.21,7.62,Anomaly
2021-01-20,32.05,17.32,38.13,1.42,1.08,6.68,1.39,68.03,0.93,27.09,608.88,0.269,0.64,0.952,327.79,25.57,Anomaly
2021-01-21,24.23,23.49,49.34,0.52,0.87,5.81,0.82,67.49,1.45,13.57,556.41,0.305,0.59,0.445,166.32,10.25,Normal
2021-01-22,22.66,18.1,33.27,0.99,1.1,5.62,1.1,59.06,0.26,22.1,973.57,0.463,0.72,0.551,783.11,14.85,Anomaly
2021-01-23,31.26,16.29,54.25,1.95,1.21,6.42,0.64,58.89,0.33,5.63,656.96,0.41,0.396,0.405,300.38,12.92,Anomaly
2021-01-24,32.1,18.16,41.34,2.48,1.19,6.47,1.2,52.1,0.26,22.25,890.75,0.253,0.595,0.657,396.67,15.0,Anomaly
2021-01-25,34.86,24.39,35.9,0.7,0.87,5.46,0.89,62.57,0.44,12.9,311.56,0.373,0.262,0.622,554.9,8.76,Anomaly
2021-01-26,26.19,26.12,31.84,1.3,0.67,6.19,1.41,55.94,0.9,6.39,655.37,0.314,0.49,0.931,117.29,17.59,Anomaly
2021-01-27,25.58,25.79,34.24,2.1,0.93,6.34,1.4,60.32,1.04,20.25,894.38,0.272,0.725,0.951,667.18,25.04,Anomaly
2021-01-28,31.65,20.16,42.99,0.91,0.64,6.11,0.89,52.85,0.26,11.02,666.48,0.137,0.685,0.568,475.6,16.04,Normal
2021-01-29,25.11,23.69,38.43,1.61,1.39,5.1,1.41,61.94,1.43,14.67,774.41,0.259,0.893,0.644,294.75,17.27,Anomaly
2021-01-30,33.96,17.66,50.72,1.97,0.85,6.55,1.5,64.73,1.29,7.01,497.63,0.161,0.395,0.927,143.13,26.22,Anomaly
2021-01-31,32.88,18.81,40.77,1.73,0.65,5.88,1.34,44.39,0.59,8.68,273.96,0.462,0.549,0.865,213.75,22.65,Anomaly
2021-02-01,26.43,26.65,36.22,0.88,0.53,5.36,1.36,64.99,0.3,12.45,566.32,0.201,0.431,0.303,726.52,17.26,Anomaly
2021-02-02,31.26,15.17,45.43,1.21,1.15,5.65,0.82,56.21,0.42,7.24,515.58,0.479,0.508,0.524,580.22,11.44,Anomaly
2021-02-03,31.32,16.11,47.67,2.07,1.14,4.88,1.12,65.34,0.37,27.77,893.65,0.29,0.8,0.595,274.93,27.12,Anomaly
2021-02-04,21.55,17.7,34.18,1.61,0.84,5.06,0.66,52.94,0.36,5.15,395.2,0.334,0.679,0.461,145.92,19.43,Anomaly
2021-02-05,33.54,15.34,34.19,0.51,0.57,6.33,0.69,51.37,0.87,17.1,973.39,0.294,0.818,0.44,583.43,10.53,Anomaly
2021-02-06,27.58,17.36,30.92,2.02,0.91,4.8,1.5,67.45,0.52,8.08,966.51,0.108,0.342,0.326,500.69,11.73,Anomaly
2021-02-07,32.4,22.58,48.41,0.57,0.81,5.63,0.89,47.54,0.67,12.69,398.11,0.219,0.811,0.75,383.16,25.08,Anomaly
2021-02-08,24.8,20.48,46.6,1.99,1.18,5.85,1.27,65.33,1.49,28.15,478.44,0.095,0.242,0.484,354.53,6.1,Normal
2021-02-09,33.43,26.6,41.87,0.9,1.11,4.91,1.33,54.52,1.09,9.04,916.44,0.33,0.822,0.337,251.77,29.8,Anomaly
2021-02-10,25.84,25.63,51.1,2.42,0.86,6.75,1.37,55.42,1.43,29.15,973.3,0.251,0.43,0.462,568.73,8.26,Anomaly
2021-02-11,20.16,19.44,50.14,1.24,0.72,5.25,1.5,49.25,0.39,10.14,554.75,0.4,0.42,0.861,779.47,24.9,Anomaly
2021-02-12,33.58,18.37,44.63,1.15,1.49,5.41,0.82,57.19,0.7,23.54,456.8,0.149,0.558,0.896,223.0,14.87,Anomaly
2021-02-13,21.37,19.94,51.71,0.8,0.95,5.41,0.64,49.76,0.92,18.67,620.88,0.124,0.858,0.638,517.98,17.31,Anomaly
2021-02-14,24.79,22.67,35.15,1.11,1.19,5.26,0.97,41.18,0.3,27.11,750.22,0.233,0.233,0.591,396.93,27.02,Anomaly
2021-02-15,34.25,18.48,32.8,2.25,0.64,4.8,0.72,48.16,0.21,18.85,418.78,0.467,0.447,0.984,412.68,15.32,Anomaly
2021-02-16,34.26,23.11,36.74,2.49,0.99,6.26,0.62,40.19,1.07,18.36,789.18,0.37,0.8,0.44,277.9,18.44,Anomaly
2021-02-17,28.6,20.32,31.43,1.24,0.53,6.73,0.92,69.35,1.03,9.89,241.33,0.239,0.477,0.451,677.59,6.23,Anomaly
2021-02-18,29.48,22.18,43.28,1.4,1.01,5.25,1.31,68.97,0.73,9.16,239.44,0.283,0.339,0.504,439.68,5.06,Normal
2021-02-19,26.73,20.67,53.42,1.94,1.46,6.13,1.11,51.85,0.84,27.91,509.03,0.088,0.497,0.421,480.38,11.12,Anomaly
2021-02-20,24.4,18.83,30.98,2.27,0.88,6.28,0.88,61.85,0.74,13.2,482.78,0.493,0.47,0.566,313.33,22.01,Anomaly
2021-02-21,24.93,27.33,33.05,1.69,0.54,6.5,1.19,50.37,0.23,14.3,452.51,0.35,0.841,0.938,227.27,8.03,Anomaly
2021-02-22,30.09,24.93,41.3,1.28,0.53,5.65,0.81,60.13,0.64,24.0,592.82,0.178,0.733,0.731,160.14,7.84,Normal
2021-02-23,31.29,16.82,53.35,1.33,0.89,5.41,0.61,64.16,0.43,13.47,456.59,0.314,0.554,0.588,599.88,15.27,Anomaly
2021-02-24,31.87,26.29,37.9,1.89,0.66,5.45,1.29,68.4,0.33,28.8,353.81,0.099,0.892,0.954,237.36,21.2,Anomaly
2021-02-25,31.84,21.34,42.68,0.51,0.52,6.23,1.16,52.01,1.44,23.45,447.58,0.485,0.526,0.334,583.05,22.8,Normal
2021-02-26,21.37,26.63,31.04,1.74,1.26,6.43,1.29,63.5,0.98,19.94,979.92,0.129,0.241,0.447,373.26,9.46,Anomaly
2021-02-27,27.42,25.4,33.71,1.21,0.96,5.16,0.64,47.98,1.15,27.02,528.89,0.342,0.384,0.696,391.04,6.99,Anomaly
2021-02-28,20.86,20.53,54.67,2.09,0.79,5.54,1.35,69.71,0.61,6.24,555.77,0.16,0.505,0.731,428.42,28.51,Anomaly
2021-03-01,28.24,15.29,54.13,0.69,1.4,6.6,1.16,40.77,0.71,11.43,661.24,0.373,0.31,0.328,357.4,11.52,Anomaly
2021-03-02,26.62,18.49,30.12,1.68,0.62,6.41,1.11,58.11,0.51,16.63,986.67,0.4,0.863,0.582,170.43,26.33,Anomaly
2021-03-03,33.32,22.04,53.8,1.46,1.46,6.77,1.16,59.79,0.33,10.67,393.28,0.353,0.737,0.754,316.74,26.59,Anomaly
2021-03-04,25.26,23.24,45.98,1.78,0.81,6.31,1.38,60.64,0.43,23.6,745.03,0.327,0.388,0.789,564.61,24.31,Normal
2021-03-05,21.76,18.35,51.7,0.63,1.39,5.59,1.13,43.61,1.24,27.98,772.79,0.452,0.614,0.747,566.05,9.22,Anomaly
2021-03-06,22.14,16.81,41.37,1.66,1.1,5.98,1.12,68.16,1.08,15.59,685.86,0.085,0.705,0.524,300.36,25.55,Anomaly
2021-03-07,31.42,25.85,42.89,1.62,1.33,6.12,1.49,45.44,0.91,13.55,270.86,0.199,0.859,0.365,422.07,24.23,Anomaly
2021-03-08,29.27,27.8,42.22,1.62,1.48,4.96,1.28,58.68,0.82,29.04,741.5,0.162,0.817,0.599,235.41,19.92,Anomaly
2021-03-09,21.52,21.83,46.67,1.71,0.79,5.89,1.0,46.68,1.4,16.12,251.28,0.495,0.561,0.39,247.26,13.43,Anomaly
2021-03-10,21.26,17.23,33.49,1.85,1.46,6.22,1.24,49.22,0.29,17.23,676.91,0.225,0.742,0.963,116.13,11.56,Anomaly
2021-03-11,30.51,18.54,30.75,2.11,0.89,5.13,0.95,56.39,0.56,13.79,791.66,0.38,0.594,0.633,727.72,8.05,Anomaly
2021-03-12,21.09,15.24,37.7,1.04,0.89,6.36,0.81,52.52,0.65,27.74,368.78,0.358,0.587,0.522,247.49,17.74,Anomaly
2021-03-13,32.33,26.89,47.62,2.15,0.84,5.97,1.14,44.81,1.22,19.22,873.3,0.145,0.28,0.836,259.27,19.63,Anomaly
2021-03-14,30.59,16.53,35.05,1.5,1.04,6.7,1.44,45.13,1.49,24.05,224.28,0.158,0.288,0.649,295.72,13.98,Anomaly
2021-03-15,21.22,22.49,46.84,0.65,0.65,4.88,1.44,52.54,0.51,25.3,875.05,0.177,0.571,0.517,189.19,16.88,Anomaly
2021-03-16,21.27,18.56,54.25,0.62,1.05,5.33,0.91,62.72,1.34,13.55,568.26,0.235,0.388,0.868,547.48,14.09,Anomaly
2021-03-17,34.8,22.2,32.35,1.17,1.04,6.0,1.07,66.94,1.28,15.84,374.07,0.155,0.215,0.907,152.6,21.03,Anomaly
2021-03-18,25.61,23.47,46.82,2.07,1.26,5.39,0.79,42.52,0.49,26.21,307.02,0.059,0.706,0.771,193.94,27.53,Normal
2021-03-19,25.56,25.79,41.09,1.92,1.33,6.23,1.5,51.79,0.72,14.08,962.65,0.446,0.223,0.333,551.33,9.1,Anomaly
2021-03-20,32.19,17.68,51.7,2.08,0.94,6.32,1.48,43.01,0.73,24.85,258.13,0.485,0.617,0.696,337.76,14.54,Anomaly
2021-03-21,34.21,15.14,34.43,1.53,0.8,5.01,1.18,40.5,1.47,28.52,359.27,0.204,0.577,0.834,595.56,8.52,Anomaly
2021-03-22,34.79,16.78,47.32,1.38,0.76,5.83,1.32,59.85,0.44,20.58,478.26,0.202,0.878,0.396,490.2,20.62,Anomaly
2021-03-23,31.3,26.7,50.95,0.79,0.69,5.82,1.24,58.07,1.24,23.54,696.19,0.053,0.539,0.46,279.21,23.22,Anomaly
2021-03-24,25.64,26.36,53.62,1.16,0.56,5.54,1.13,44.89,0.63,25.13,635.84,0.356,0.245,0.918,555.58,28.3,Anomaly
2021-03-25,21.25,22.77,47.08,1.37,0.84,6.67,0.65,47.01,1.15,26.13,300.51,0.421,0.586,0.314,181.39,11.97,Anomaly
2021-03-26,31.66,22.81,42.43,0.68,0.77,6.46,1.01,40.71,0.75,14.88,431.78,0.116,0.789,0.827,475.49,28.76,Anomaly
2021-03-27,28.38,23.65,45.45,0.94,1.47,6.19,1.21,65.05,0.95,6.28,391.0,0.122,0.898,0.632,406.0,6.58,Normal
2021-03-28,26.36,17.28,51.72,1.7,1.06,6.23,1.21,69.24,1.28,15.05,370.83,0.406,0.501,0.613,287.51,20.08,Anomaly
2021-03-29,33.6,26.89,44.27,1.97,0.85,5.72,0.94,44.06,1.25,21.84,528.92,0.327,0.424,0.305,522.8,6.43,Anomaly
2021-03-30,21.67,20.44,30.76,2.5,1.08,6.64,1.45,46.94,1.33,16.26,763.23,0.07,0.835,0.874,709.93,27.34,Anomaly
2021-03-31,27.39,19.98,53.27,2.37,0.64,6.19,0.75,66.05,0.28,23.72,373.96,0.33,0.334,0.552,799.23,18.25,Anomaly
2021-04-01,20.17,21.75,47.24,1.79,0.94,6.26,1.05,67.79,1.1,13.92,493.34,0.189,0.631,0.679,525.43,21.73,Anomaly
2021-04-02,27.03,15.61,46.91,1.34,1.13,6.52,1.22,52.59,0.38,20.87,512.73,0.216,0.484,0.774,383.29,25.79,Anomaly
2021-04-03,20.84,17.16,35.39,1.77,0.99,5.35,1.23,41.52,0.74,9.66,981.17,0.396,0.229,0.792,257.64,8.76,Anomaly
2021-04-04,21.78,24.59,46.47,2.07,0.9,6.41,1.18,41.18,0.91,23.73,963.73,0.415,0.443,0.969,279.97,5.96,Anomaly
2021-04-05,21.76,16.08,39.85,0.74,1.49,5.19,0.85,57.22,0.72,18.64,840.11,0.23,0.386,0.672,435.62,26.97,Anomaly
2021-04-06,29.74,22.84,46.28,1.32,1.38,5.49,0.74,51.79,0.88,10.1,393.33,0.476,0.68,0.58,357.09,12.87,Normal
2021-04-07,31.19,18.19,32.66,2.18,1.12,5.47,1.17,40.86,1.5,12.3,254.43,0.233,0.864,0.968,739.67,8.22,Anomaly
2021-04-08,28.75,20.06,46.45,1.27,1.07,6.76,1.14,57.5,0.38,23.72,453.52,0.397,0.388,0.749,357.81,16.71,Anomaly
2021-04-09,34.43,18.75,54.99,1.64,1.12,6.51,0.76,40.34,1.08,17.07,413.44,0.268,0.768,0.509,361.41,19.96,Anomaly
2021-04-10,25.62,19.62,31.21,1.68,0.7,6.2,1.23,63.62,0.71,10.4,604.74,0.454,0.239,0.389,368.47,5.77,Anomaly
2021-04-11,24.29,24.35,54.43,0.87,0.9,6.25,1.01,49.19,0.37,29.18,822.18,0.458,0.577,0.89,685.63,11.87,Anomaly
2021-04-12,33.03,18.86,40.17,1.22,0.54,5.92,1.2,41.21,0.41,22.88,886.66,0.089,0.249,0.554,555.55,5.82,Anomaly
2021-04-13,23.35,22.36,51.77,1.17,0.98,6.69,1.35,57.65,1.43,28.93,875.89,0.471,0.854,0.762,529.92,15.51,Anomaly
2021-04-14,34.45,21.19,49.56,0.55,1.04,5.79,0.75,51.93,1.34,15.68,487.74,0.421,0.736,0.63,333.9,27.38,Anomaly
2021-04-15,20.18,23.63,44.18,0.55,0.73,5.56,0.62,69.21,1.38,16.88,749.79,0.406,0.661,0.439,672.53,29.57,Anomaly
2021-04-16,34.55,27.18,48.46,2.16,1.46,5.13,1.3,56.33,1.49,27.45,450.27,0.14,0.777,0.721,126.85,20.93,Anomaly
2021-04-17,20.65,24.52,51.96,1.05,1.41,6.37,1.15,48.26,0.47,18.13,248.72,0.412,0.653,0.342,709.56,9.04,Anomaly
2021-04-18,33.37,17.79,40.1,1.54,1.22,6.27,1.23,61.28,0.66,22.68,761.25,0.433,0.878,0.589,458.92,27.65,Anomaly
2021-04-19,27.92,15.41,38.18,1.1,1.03,5.57,1.35,48.14,1.07,11.3,207.86,0.18,0.7,0.683,378.78,17.91,Anomaly
2021-04-20,34.89,18.41,46.69,2.38,1.37,4.85,1.32,67.13,0.83,16.17,527.35,0.479,0.847,0.605,448.02,8.84,Anomaly
2021-04-21,21.11,22.74,50.2,1.02,0.63,6.48,1.46,51.24,0.74,8.09,463.5,0.072,0.562,0.824,567.19,28.04,Anomaly
2021-04-22,28.31,15.67,49.06,1.36,1.29,4.82,1.08,56.5,0.67,10.15,754.7,0.117,0.282,0.88,108.94,23.94,Anomaly
2021-04-23,34.54,21.45,49.95,2.25,0.62,6.21,1.04,41.52,0.97,5.02,813.0,0.292,0.57,0.84,710.09,23.29,Anomaly
2021-04-24,27.85,22.76,40.89,2.18,1.29,6.74,0.96,52.78,0.95,5.98,443.28,0.309,0.289,0.327,412.72,22.73,Anomaly
2021-04-25,29.44,19.35,50.45,0.87,0.78,5.68,0.74,64.97,0.41,29.43,849.3,0.34,0.615,0.436,340.08,10.01,Anomaly
2021-04-26,30.44,25.02,33.01,2.11,1.38,5.27,1.12,64.17,0.81,11.06,435.13,0.058,0.538,0.676,196.77,10.28,Anomaly
2021-04-27,26.82,16.39,43.61,1.42,1.44,6.21,0.85,46.73,0.92,21.58,557.06,0.482,0.636,0.954,407.63,22.21,Anomaly
2021-04-28,29.41,15.98,30.14,1.47,0.65,6.43,1.43,46.78,0.94,25.98,781.61,0.07,0.207,0.884,447.43,10.49,Anomaly
2021-04-29,28.76,24.47,38.11,0.77,0.96,5.89,1.12,64.52,0.47,18.77,754.34,0.114,0.336,0.89,382.55,15.97,Normal
2021-04-30,33.52,21.44,39.16,0.66,1.48,6.73,1.13,67.91,1.16,8.83,989.89,0.056,0.544,0.512,575.06,24.55,Anomaly
2021-05-01,20.68,23.95,39.9,1.96,0.98,4.9,0.92,42.86,0.23,23.2,380.13,0.305,0.865,0.601,394.63,24.6,Anomaly
2021-05-02,24.21,20.65,47.39,1.49,1.36,5.81,0.65,53.5,0.66,20.01,729.85,0.47,0.469,0.629,772.99,16.33,Normal
2021-05-03,34.26,18.2,39.71,1.37,1.09,6.24,0.63,50.12,1.21,23.28,687.75,0.35,0.497,0.41,519.49,24.8,Anomaly
2021-05-04,33.35,25.65,41.22,1.96,0.88,6.53,0.98,66.12,0.93,24.24,932.08,0.42,0.7,0.322,665.23,25.97,Anomaly
2021-05-05,26.83,25.39,35.94,2.03,0.79,5.16,0.68,42.51,0.54,29.39,325.09,0.056,0.623,0.963,176.55,21.37,Anomaly
2021-05-06,29.3,24.03,39.33,0.82,0.7,6.4,1.15,46.33,1.1,19.34,801.44,0.294,0.409,0.468,378.1,10.71,Normal
2021-05-07,24.16,18.54,35.68,1.72,1.26,5.91,1.39,62.57,0.94,13.54,654.61,0.257,0.488,0.468,335.79,11.85,Normal
2021-05-08,22.82,22.67,31.83,0.77,0.89,5.59,1.39,41.54,1.24,21.21,419.73,0.275,0.352,0.358,498.64,12.87,Anomaly
2021-05-09,26.96,19.69,45.09,2.0,1.01,5.06,1.19,54.78,1.16,6.71,579.55,0.082,0.876,0.95,702.78,7.92,Anomaly
2021-05-10,25.3,16.19,46.71,1.81,0.99,6.53,0.79,53.26,0.99,27.43,467.02,0.358,0.291,0.706,154.84,11.83,Anomaly
2021-05-11,28.75,26.93,45.49,2.41,1.08,5.11,1.38,50.03,0.83,7.98,663.45,0.276,0.46,0.767,150.8,10.24,Anomaly
2021-05-12,21.17,16.78,41.59,0.64,1.37,5.42,1.4,51.84,0.37,13.2,911.2,0.394,0.218,0.938,695.22,16.38,Anomaly
2021-05-13,34.62,27.35,39.49,0.61,1.48,5.38,0.78,55.9,0.54,25.39,655.44,0.268,0.355,0.542,249.0,27.71,Anomaly
2021-05-14,34.79,20.8,51.58,1.06,0.91,6.54,1.26,44.84,0.74,19.93,705.38,0.117,0.746,0.735,568.13,7.61,Anomaly
